<?xml version="1.0"?>
<service_config>
<services>
<service name="licence" class="com.lexisnexis.es.dms.licence.LicenceService" mandatory="false"/>
<service name="security" class="com.lexisnexis.es.dms.security.SecurityService" mandatory="false"/>
<service name="routing" class="com.lexisnexis.es.dms.routing.Router" mandatory="false"/>
<service name="migrator" class="com.lexisnexis.es.dms.migration.MigratorService" mandatory="false"/>
<service name="repository" class="com.lexisnexis.es.dms.repository.RepositoryService" mandatory="false"/>
<service name="audit" class="com.lexisnexis.es.dms.audit.AuditService" mandatory="true"/>
</services>
<request_list>
<item service="routing"/>
<item service="repository"/>
<item service="audit"/>
</request_list>
</service_config>