<?xml version="1.0" encoding="ISO-8859-1"?>
<!-- $Revision:   1.2  $ -->
<!DOCTYPE Repository
          PUBLIC "-//The Apache Software Foundation//DTD Jackrabbit 1.5//EN"
          "http://jackrabbit.apache.org/dtd/repository-2.0.dtd">
<Repository>
	<DataSources>
        <DataSource name="lnDMSPool">
            <param name="driver" value="net.sourceforge.jtds.jdbc.Driver" />
            <param name="url" value="jdbc:jtds:sqlserver://lngtwysqld002:1433/ln_dms01;ProgName=akin;AppName=cruttens_dms_pool;tds=8.0;lastupdatecount=true;sendStringParametersAsUnicode=false;prepareSQL=0" />
			<!--<param name="user" value="sa"/>
			<param name="password" value="Axxia"/> -->
            <param name="databaseType" value="mssql"/>
            <param name="maxPoolSize" value="100"/>
        </DataSource>
    </DataSources>

	<DataStore class="org.apache.jackrabbit.core.data.FileDataStore">
		<param name="path" value="${rep.home}/repository/datastore"/>
		<param name="minRecordLength" value="100"/>
	</DataStore>

    <FileSystem class="org.apache.jackrabbit.core.fs.db.MSSqlFileSystem">
        <param name="dataSourceName" value="lnDMSPool"/>
        <param name="schemaObjectPrefix" value="LNDMS_BPM_REP_"/>
    </FileSystem>
    <Security appName="com.lexisnexis.es.dms">
	    <SecurityManager class="org.apache.jackrabbit.core.DefaultSecurityManager" workspaceName="lndms" />
        <AccessManager
            class="org.apache.jackrabbit.core.security.DefaultAccessManager"/>
    </Security>
    <Workspaces rootPath="${rep.home}/workspaces" defaultWorkspace="lndms"/>
    <Workspace name="${wsp.name}">
        <FileSystem class="org.apache.jackrabbit.core.fs.db.MSSqlFileSystem">
             <param name="dataSourceName" value="lnDMSPool"/>
            <param name="schemaObjectPrefix" value="LNDMS_BPM_${wsp.name}_"/>
        </FileSystem>
        <PersistenceManager class="org.apache.jackrabbit.core.persistence.pool.MSSqlPersistenceManager">
             <param name="dataSourceName" value="lnDMSPool"/>
            <param name="schemaObjectPrefix" value="LNDMS_BPM_${wsp.name}_"/>
		<param name="bundleCacheSize" value="8"/>
		<param name="consistencyCheck" value="false"/>
		<param name="minBlobSize" value="16384"/>
        </PersistenceManager>

        <SearchIndex class="org.apache.jackrabbit.core.query.lucene.SearchIndex">
            <param name="path" value="${wsp.home}/index"/>
           <param name="useCompoundFile" value="true"/>
           <param name="minMergeDocs" value="100"/>
            <param name="volatileIdleTime" value="3"/>
           <param name="maxMergeDocs" value="2147483647"/>
           <param name="mergeFactor" value="10"/>
           <param name="maxFieldLength" value="100000000"/>
		   <param name="maxExtractLength" value="10240000" />
           <param name="bufferSize" value="10"/>
           <param name="cacheSize" value="1000"/>
            <param name="forceConsistencyCheck" value="false"/>
           <param name="enableConsistencyCheck" value="false"/>
            <param name="autoRepair" value="true"/>
           <param name="analyzer" value="org.apache.lucene.analysis.standard.StandardAnalyzer"/>
           <param name="queryClass" value="org.apache.jackrabbit.core.query.QueryImpl"/>
            <param name="respectDocumentOrder" value="false"/>
           <param name="resultFetchSize" value="2147483647"/>
           <param name="extractorPoolSize" value="2"/>
           <param name="extractorTimeout" value="100"/>
           <param name="extractorBackLogSize" value="100"/>
            
        </SearchIndex>
        <WorkspaceSecurity>
			<AccessControlProvider class="org.apache.jackrabbit.core.security.authorization.combined.CombinedProvider" />
		</WorkspaceSecurity>
    </Workspace>
    <Versioning rootPath="${rep.home}/versions">
        <FileSystem class="org.apache.jackrabbit.core.fs.db.MSSqlFileSystem">
             <param name="dataSourceName" value="lnDMSPool"/>
            <param name="schemaObjectPrefix" value="LNDMS_BPM_VSN_"/>
        </FileSystem>
        <PersistenceManager class="org.apache.jackrabbit.core.persistence.pool.MSSqlPersistenceManager">
             <param name="dataSourceName" value="lnDMSPool"/>
            <param name="schemaObjectPrefix" value="LNDMS_BPM_VSN_"/>
		<param name="bundleCacheSize" value="8"/>
		<param name="consistencyCheck" value="false"/>
		<param name="minBlobSize" value="16384"/>
        </PersistenceManager>
    </Versioning>
</Repository>
