<?xml version="1.0" encoding="UTF-8"?>
<beans xmlns="http://www.springframework.org/schema/beans"
	xmlns:xsi="http://www.w3.org/2001/XMLSchema-instance"
	xsi:schemaLocation="http://www.springframework.org/schema/beans
           http://www.springframework.org/schema/beans/spring-beans-3.0.xsd">

	<!-- Service lookups -->
	<bean id="requestProcessor" class="com.lexisnexis.es.dms.service.RequestProcessor">
		<property name="serviceLookup" ref="springServiceLookup" />
	</bean>


	<bean id="springServiceLookup" class="com.lexisnexis.es.dms.service.SpringServiceLookup">
		<constructor-arg name="servicesList">
			<list>
				<ref bean="licence" />
				<ref bean="security" />
				<ref bean="routing" />
				<ref bean="repository" />
				<ref bean="audit" />
			</list>
		</constructor-arg>
	</bean>

	<!-- Template for DmsService attributes -->

	<bean id="dmsServiceTemplate" abstract="true">
		<property name="mandatory" value="false"></property>
		<!-- <property name="attributes" ref="defaultDmsAttributes"></property> -->
	</bean>


	<!-- Dms Services -->

	<bean id="licence" class="com.lexisnexis.es.dms.licence.LicenceService"
		parent="dmsServiceTemplate">

	</bean>

	<bean id="security" class="com.lexisnexis.es.dms.security.SecurityService"
		parent="dmsServiceTemplate">

	</bean>

	<bean id="routing" class="com.lexisnexis.es.dms.routing.Router"
		parent="dmsServiceTemplate">

	</bean>

	<bean id="migrator" class="com.lexisnexis.es.dms.migration.MigratorService"
		parent="dmsServiceTemplate">

	</bean>

	<bean id="repository" class="com.lexisnexis.es.dms.repository.RepositoryService"
		parent="dmsServiceTemplate">

	</bean>

	<bean id="audit" class="com.lexisnexis.es.dms.audit.AuditService"
		parent="dmsServiceTemplate">

	</bean>

</beans>