<?xml version="1.0" encoding="UTF-8"?>
<beans xmlns="http://www.springframework.org/schema/beans"
	xmlns:xsi="http://www.w3.org/2001/XMLSchema-instance" xmlns:aop="http://www.springframework.org/schema/aop"
	xmlns:util="http://www.springframework.org/schema/util"
	xsi:schemaLocation="http://www.springframework.org/schema/beans http://www.springframework.org/schema/beans/spring-beans.xsd
		http://www.springframework.org/schema/aop http://www.springframework.org/schema/aop/spring-aop-3.0.xsd
		http://www.springframework.org/schema/util http://www.springframework.org/schema/util/spring-util-3.0.xsd">

	<!-- Alfresco repository factory bean -->
	<bean id="alfrescoCmisRepositoryFactory"
		class="com.lexisnexis.es.dms.adapter.cmis.CmisRepositoryFactory">
		<constructor-arg name="sessionParameters">

			<map>
				<entry>
					<key>
						<util:constant
							static-field="org.apache.chemistry.opencmis.commons.SessionParameter.BINDING_TYPE" />
					</key>
					<value>atompub</value>
				</entry>
				<entry>
					<key>
						<util:constant
							static-field="org.apache.chemistry.opencmis.commons.SessionParameter.ATOMPUB_URL" />
					</key>
					<value>${alfresco.cmis.atompub.url.1}</value>
				</entry>
				<entry>
					<key>
						<util:constant
							static-field="org.apache.chemistry.opencmis.commons.SessionParameter.USER" />
					</key>
					<value>dna</value>
				</entry>
				<entry>
					<key>
						<util:constant
							static-field="org.apache.chemistry.opencmis.commons.SessionParameter.PASSWORD" />
					</key>
					<value>dna</value>
				</entry>
			</map>
		</constructor-arg>
	</bean>

	<!-- Alfresco repository bean -->
	<bean id="alfrescoCmisRepository" factory-bean="alfrescoCmisRepositoryFactory"
		factory-method="getRepository"></bean>

	<bean id="alfrescoCmisActionsParent" abstract="true" >
		<constructor-arg name="repository" ref="alfrescoCmisRepository"></constructor-arg>
		<property name="startPath" value="">
		</property>
	</bean>

	<!-- Repository action beans -->
	<bean id="alfrescoCreateDocumentAction"
		class="com.lexisnexis.es.dms.adapter.cmis.actions.CmisCreateDocumentAction" parent="alfrescoCmisActionsParent"/>
	

	<bean id="alfrescoCreateBulkDocumentAction"
		class="com.lexisnexis.es.dms.adapter.cmis.actions.CmisCreateBulkDocumentAction" parent="alfrescoCmisActionsParent"/>

	<bean id="alfrescoRetrieveDocumentsByIdAction"
		class="com.lexisnexis.es.dms.adapter.cmis.actions.CmisRetrieveDocumentsByIdAction" parent="alfrescoCmisActionsParent"/>

	<bean id="alfrescoCreateFolderAction"
		class="com.lexisnexis.es.dms.adapter.cmis.actions.CmisCreateFolderAction" parent="alfrescoCmisActionsParent"/>

	<bean id="alfrescoListFolderContentsAction"
		class="com.lexisnexis.es.dms.adapter.cmis.actions.CmisListFolderContentsAction" parent="alfrescoCmisActionsParent"/>

</beans>
