<?xml version="1.0" encoding="UTF-8"?>
<beans xmlns="http://www.springframework.org/schema/beans"
	xmlns:xsi="http://www.w3.org/2001/XMLSchema-instance" xmlns:aop="http://www.springframework.org/schema/aop"
	xmlns:util="http://www.springframework.org/schema/util"
	xsi:schemaLocation="http://www.springframework.org/schema/beans http://www.springframework.org/schema/beans/spring-beans.xsd
		http://www.springframework.org/schema/aop http://www.springframework.org/schema/aop/spring-aop-3.0.xsd
		http://www.springframework.org/schema/util http://www.springframework.org/schema/util/spring-util-3.0.xsd">


	
	<!-- jackrabbit repository factory bean -->
	<bean id="jackrabbitCmisRepositoryFactory"
		class="com.lexisnexis.es.dms.adapter.cmis.CmisRepositoryFactory">
		<constructor-arg name="sessionParameters">

			<map>
				<entry>
					<key>
						<util:constant
							static-field="org.apache.chemistry.opencmis.commons.SessionParameter.BINDING_TYPE" />
					</key>
					<value>atompub</value>
				</entry>
				<entry>
					<key>
						<util:constant
							static-field="org.apache.chemistry.opencmis.commons.SessionParameter.ATOMPUB_URL" />
					</key>
					<value>${jackrabbit.cmis.atompub.url.1}</value>
				</entry>

			</map>
		</constructor-arg>
	</bean>

	<!-- jackrabbit repository bean -->
	<bean id="jackrabbitCmisRepository" factory-bean="jackrabbitCmisRepositoryFactory"
		factory-method="getRepository"></bean>

	<!-- Repository action beans -->
	<bean id="jackrabbitCreateDocumentAction"
		class="com.lexisnexis.es.dms.adapter.cmis.actions.CmisCreateDocumentAction">
		<constructor-arg name="repository" ref="jackrabbitCmisRepository"></constructor-arg>
		<property name="startPath" value="">
		</property>
	</bean>

	<bean id="jackrabbitRetrieveDocumentsByIdAction"
		class="com.lexisnexis.es.dms.adapter.cmis.actions.CmisRetrieveDocumentsByIdAction">
		<constructor-arg name="repository" ref="jackrabbitCmisRepository"></constructor-arg>
		<property name="startPath" value="">
		</property>
	</bean>

	<bean id="jackrabbitCreateFolderAction"
		class="com.lexisnexis.es.dms.adapter.cmis.actions.CmisCreateFolderAction">
		<constructor-arg name="repository" ref="jackrabbitCmisRepository"></constructor-arg>
		<property name="startPath" value="">
		</property>
	</bean>
	
	<bean id="jackrabbitCreateBulkDocumentAction"
		class="com.lexisnexis.es.dms.adapter.cmis.actions.CmisCreateBulkDocumentAction">
		<constructor-arg name="repository" ref="jackrabbitCmisRepository"></constructor-arg>
		<property name="startPath" value="">
		</property>
	</bean>

	<bean id="jackrabbitListFolderContentsAction"
		class="com.lexisnexis.es.dms.adapter.cmis.actions.CmisListFolderContentsAction">
		<constructor-arg name="repository" ref="jackrabbitCmisRepository"></constructor-arg>
		<property name="startPath" value="">
		</property>
	</bean>

</beans>
