<?xml version="1.0" encoding="UTF-8"?>
<beans xmlns="http://www.springframework.org/schema/beans"
	xmlns:util="http://www.springframework.org/schema/util" xmlns:xsi="http://www.w3.org/2001/XMLSchema-instance"
	xsi:schemaLocation="http://www.springframework.org/schema/beans
        	   				http://www.springframework.org/schema/beans/spring-beans-3.0.xsd
           					http://www.springframework.org/schema/util 
           					http://www.springframework.org/schema/util/spring-util-3.0.xsd"
	default-lazy-init="true">

	<!-- Enable support for external configuration -->
	<bean id="propertyConfigurer"
		class="org.springframework.beans.factory.config.PropertyPlaceholderConfigurer">
		<property name="ignoreResourceNotFound" value="true" />
		<property name="locations">
			<list>
				<!-- order is important here, later overrides earlier ... -->
				<value>classpath:springconfig/defaultSettings.properties</value>
				<value>file:../server/default/conf/localSettings.properties</value>
			</list>
		</property>
	</bean>

	<!-- Import spring config files -->
	<import resource="classpath*:springconfig/alfresco-cmis-applicationContext.xml" />
	<import
		resource="classpath*:springconfig/jackrabbit-cmis-applicationContext.xml" />
	<import
		resource="classpath*:springconfig/sharepoint-cmis-applicationContext.xml" />

	<!-- Importing the Sharepoint webservice config file -->
	<import resource="classpath*:springconfig/sharepoint-ws-applicationContext.xml" />

	<bean id="alfrescoParent"
		class="com.lexisnexis.es.dms.repository.RepositoryActionsFactoryImpl"
		lazy-init="true" abstract="true">
		<constructor-arg name="createDocumentAction" ref="alfrescoCreateDocumentAction" />
		<constructor-arg name="createFolderAction" ref="alfrescoCreateFolderAction" />
		<constructor-arg name="retrieveDocumentsByIdAction"
			ref="alfrescoRetrieveDocumentsByIdAction" />
		<constructor-arg name="createBulkDocumentsAction"
			ref="alfrescoCreateBulkDocumentAction" />
		<constructor-arg name="listFolderContentsAction"
			ref="alfrescoListFolderContentsAction" />
	</bean>

	<bean id="jackrabbitParent"
		class="com.lexisnexis.es.dms.repository.RepositoryActionsFactoryImpl"
		lazy-init="true" abstract="true">
		<constructor-arg name="createDocumentAction" ref="jackrabbitCreateDocumentAction" />
		<constructor-arg name="createFolderAction" ref="jackrabbitCreateFolderAction" />
		<constructor-arg name="retrieveDocumentsByIdAction"
			ref="jackrabbitRetrieveDocumentsByIdAction" />
		<constructor-arg name="createBulkDocumentsAction"
			ref="jackrabbitCreateBulkDocumentAction" />
		<constructor-arg name="listFolderContentsAction"
			ref="jackrabbitListFolderContentsAction" />
	</bean>

	<bean id="sharepointParent"
		class="com.lexisnexis.es.dms.repository.RepositoryActionsFactoryImpl"
		lazy-init="true" abstract="true">
		<constructor-arg name="createDocumentAction" ref="sharepointCreateDocumentAction" />
		<constructor-arg name="createFolderAction" ref="sharepointCreateFolderAction" />
		<constructor-arg name="retrieveDocumentsByIdAction"
			ref="sharepointRetrieveDocumentsByIdAction" />
		<constructor-arg name="createBulkDocumentsAction"
			ref="sharepointCreateBulkDocumentAction" />
		<constructor-arg name="listFolderContentsAction"
			ref="sharepointListFolderContentsAction" />
	</bean>

	<bean id="ALF1" parent="alfrescoParent" />
	<bean id="JR1" parent="jackrabbitParent" />
	<bean id="SP1" parent="sharepointParent" />
	<!-- The intention is that additional optional entries for this are pulled 
		in here. Note that the wildcard is needed to make external file optional -->
	<import resource="file:../server/default/conf/*repository.xml" />

</beans>