<?xml version="1.0" encoding="UTF-8"?>
<beans xmlns="http://www.springframework.org/schema/beans"
	xmlns:xsi="http://www.w3.org/2001/XMLSchema-instance" xmlns:aop="http://www.springframework.org/schema/aop"
	xmlns:util="http://www.springframework.org/schema/util"
	xsi:schemaLocation="http://www.springframework.org/schema/beans http://www.springframework.org/schema/beans/spring-beans.xsd
		http://www.springframework.org/schema/aop http://www.springframework.org/schema/aop/spring-aop-3.0.xsd
		http://www.springframework.org/schema/util http://www.springframework.org/schema/util/spring-util-3.0.xsd">

	<import resource="classpath*:springconfig/spring-aspects-applicationContext.xml"/>
	
	<!-- Repository action beans -->
	<bean id="sharepointJAXWSCreateDocumentAction"
		class="com.lexisnexis.es.dms.sharepoint.adapter.jaxws.SharepointCreateDocument">
		<constructor-arg name="repoPath" value="http://lngtwyappd022v/Shared Documents/"></constructor-arg>
	</bean>

	<bean id="sharepointWSCreateDocumentAction"
		class="com.lexisnexis.es.dms.sharepoint.adapter.webservice.actions.SharepointCreateDocument">
		<constructor-arg name="repoPath" value="http://lngtwyappd022v/Shared Documents/"></constructor-arg>
	</bean>

	<bean id="sharepointWSRetrieveDocumentsByIdAction"
		class="com.lexisnexis.es.dms.sharepoint.adapter.webservice.actions.SharepointRetrieveDocuments">
	</bean>

	<bean id="sharepointWSCreateFolderAction"
		class="com.lexisnexis.es.dms.sharepoint.adapter.webservice.actions.SharepointCreateFolder">
	</bean>

</beans>
