<?xml version="1.0" encoding="UTF-8"?>
<beans xmlns="http://www.springframework.org/schema/beans"
	xmlns:xsi="http://www.w3.org/2001/XMLSchema-instance" xmlns:aop="http://www.springframework.org/schema/aop"
	xmlns:util="http://www.springframework.org/schema/util"
	xsi:schemaLocation="http://www.springframework.org/schema/beans http://www.springframework.org/schema/beans/spring-beans.xsd
		http://www.springframework.org/schema/aop http://www.springframework.org/schema/aop/spring-aop-3.0.xsd
		http://www.springframework.org/schema/util http://www.springframework.org/schema/util/spring-util-3.0.xsd" default-lazy-init="true">

	
	
	
	<!-- Alfresco repository factory bean -->
	<bean id="sharepointCMISRepositoryFactory"
		class="com.lexisnexis.es.dms.sharepoint.adapter.cmis.SharepointCmisRepositoryFactory" >
		<constructor-arg name="sessionParameters">

			<map>
				<entry>
					<key>
						<util:constant
							static-field="org.apache.chemistry.opencmis.commons.SessionParameter.BINDING_TYPE" />
					</key>
					<value>webservices</value>
				</entry>
				<entry>
					<key>
						<util:constant
							static-field="org.apache.chemistry.opencmis.commons.SessionParameter.AUTHENTICATION_PROVIDER_CLASS" />
					</key>
					<value>org.apache.chemistry.opencmis.client.bindings.spi.NTLMAuthenticationProvider</value>
					<!--value>com.lexisnexis.es.dms.sharepoint.authentication.SAMLAuthenticationProvider</value-->
				</entry>
				<entry>
					<key>
						<util:constant
							static-field="org.apache.chemistry.opencmis.commons.SessionParameter.WEBSERVICES_DISCOVERY_SERVICE" />
					</key>
					<value>${sharepoint.cmis.wsdl.1}</value>
				</entry>
				<entry>
					<key>
						<util:constant
							static-field="org.apache.chemistry.opencmis.commons.SessionParameter.WEBSERVICES_ACL_SERVICE" />
					</key>
					<value>${sharepoint.cmis.wsdl.1}</value>
				</entry>
				<entry>
					<key>
						<util:constant
							static-field="org.apache.chemistry.opencmis.commons.SessionParameter.WEBSERVICES_MULTIFILING_SERVICE" />
					</key>
					<value>${sharepoint.cmis.wsdl.1}</value>
				</entry>
				<entry>
					<key>
						<util:constant
							static-field="org.apache.chemistry.opencmis.commons.SessionParameter.WEBSERVICES_NAVIGATION_SERVICE" />
					</key>
					<value>${sharepoint.cmis.wsdl.1}</value>
				</entry>
				<entry>
					<key>
						<util:constant
							static-field="org.apache.chemistry.opencmis.commons.SessionParameter.WEBSERVICES_OBJECT_SERVICE" />
					</key>
					<value>${sharepoint.cmis.wsdl.1}</value>
				</entry>
				<entry>
					<key>
						<util:constant
							static-field="org.apache.chemistry.opencmis.commons.SessionParameter.WEBSERVICES_POLICY_SERVICE" />
					</key>
					<value>${sharepoint.cmis.wsdl.1}</value>
				</entry>
				<entry>
					<key>
						<util:constant
							static-field="org.apache.chemistry.opencmis.commons.SessionParameter.WEBSERVICES_RELATIONSHIP_SERVICE" />
					</key>
					<value>${sharepoint.cmis.wsdl.1}</value>
				</entry>
				<entry>
					<key>
						<util:constant
							static-field="org.apache.chemistry.opencmis.commons.SessionParameter.WEBSERVICES_REPOSITORY_SERVICE" />
					</key>
					<value>${sharepoint.cmis.wsdl.1}</value>
				</entry>
				<entry>
					<key>
						<util:constant
							static-field="org.apache.chemistry.opencmis.commons.SessionParameter.WEBSERVICES_VERSIONING_SERVICE" />
					</key>
					<value>${sharepoint.cmis.wsdl.1}</value>
				</entry>
			</map>
		</constructor-arg>
	</bean>

	<!-- Alfresco repository bean -->
	<bean id="sharepointCMISRepository" factory-bean="sharepointCMISRepositoryFactory"
		factory-method="getRepository"></bean>

	<!-- Repository action beans -->
	<bean id="sharepointCreateDocumentAction"
		class="com.lexisnexis.es.dms.adapter.cmis.actions.CmisCreateDocumentAction">
		<constructor-arg name="repository" ref="sharepointCMISRepository"></constructor-arg>
		<property name="startPath" value="">
		</property>
	</bean>
	
	<bean id="sharepointCreateBulkDocumentAction"
		class="com.lexisnexis.es.dms.adapter.cmis.actions.CmisCreateBulkDocumentAction">
		<constructor-arg name="repository" ref="sharepointCMISRepository"></constructor-arg>
		<property name="startPath" value="">
		</property>
	</bean>

	<bean id="sharepointRetrieveDocumentsByIdAction"
		class="com.lexisnexis.es.dms.adapter.cmis.actions.CmisRetrieveDocumentsByIdAction">
		<constructor-arg name="repository" ref="sharepointCMISRepository"></constructor-arg>
		<property name="startPath" value="">
		</property>
	</bean>

	<bean id="sharepointCreateFolderAction"
		class="com.lexisnexis.es.dms.adapter.cmis.actions.CmisCreateFolderAction">
		<constructor-arg name="repository" ref="sharepointCMISRepository"></constructor-arg>
		<property name="startPath" value="">
		</property>
	</bean>
	

	<bean id="sharepointListFolderContentsAction"
		class="com.lexisnexis.es.dms.adapter.cmis.actions.CmisListFolderContentsAction">
		<constructor-arg name="repository" ref="sharepointCMISRepository"></constructor-arg>
		<property name="startPath" value="">
		</property>
	</bean>

</beans>
